patient_id,ACTN1,AKT1,ANXA2,ARHGEF2,ASCL1,ATR,AURKB,BCL2A1,BMP2,BRCA1,BRCA2,BUB1,CA9,CADPS,CAMK2A,CASP1,CCNB1,CCNB2,CCND1,CD44,CDC20,CDC25C,CDK4,CDK6,CDKN2A,CENPF,CHI3L1,CKS2,COL1A1,COL3A1,COL5A2,CXCL1,CXCL12,CXCR4,DLL3,DNMT3A,DPYSL3,DSCAML1,E2F1,E2F2,E2F3,EGFR,FBLN1,FBXW7,FGF2,FGFR1,FN1,FOXM1,FSCN1,GABRA1,GAD1,GAD2,GFAP,GLI1,GRIN1,HIF1A,IDH1,IGFBP2,IQGAP1,ITGA3,ITGB3,KIF11,KIF2C,LAMC1,LDHB,LGALS3,LOXL2,LTBP1,LTBP2,MAP2,MCM2,MCM6,MDM2,MDM4,MELK,MET,MGMT,MKI67,MLH1,MMP2,MMP9,MSH2,MTOR,MYH9,NES,NOTCH1,NR2E1,NRP1,NRXN1,OLIG2,PARP1,PCNA,PDGFA,PDGFRA,PIK3CA,PIK3R1,PLAUR,PLCL1,PLK1,PRICKLE1,PTCH1,PTEN,PTTG1,RAB3A,RAD51,RB1,RELB,ROCK1,RRM2,S100B,SEMA3C,SERPINE1,SHANK2,SHH,SLC17A6,SLC2A3,SMC4,SNAI1,SNAI2,SNAP25,SOX11,SOX9,SPARC,SPP1,STMN2,SYT1,TACC3,TCF7L2,TGFB1,TGFB2,TGFB3,THBS2,TNC,TNFRSF12A,TNFRSF1A,TOP2A,TP53,TPX2,TRADD,TRAF3,TSC1,TSC2,TUBB3,TWIST1,UHRF1,VEGFA,VIM,ZEB1,ZEB2
TCGA-06-1804,0.0298,0.0898,0.1282,0.0427,0.0453,0.0167,0.0474,0.9123,0.0192,0.1068,0.029,0.072,0.2005,0.1672,0.0975,0.1354,0.7105,0.0329,0.942,0.0584,0.1768,0.0558,0.0147,0.017,0.0245,0.0227,0.4543,0.0325,0.0584,0.8188,0.061,0.6896,0.7219,0.0319,0.0467,0.5947,0.0447,0.2079,0.0199,0.0306,0.0241,0.0212,0.2287,0.0224,0.0291,0.9204,0.0239,0.0559,0.0995,0.1379,0.0231,0.5689,0.2255,0.0787,0.0593,0.0203,0.0318,0.0696,0.1947,0.1354,0.9019,0.0324,0.039,0.0309,0.0516,0.0493,0.2883,0.0474,0.2787,0.0961,0.0445,0.0178,0.0458,0.0164,0.0225,0.0447,0.4299,0.0209,0.0462,0.0629,0.8586,0.0522,0.0454,0.0268,0.0233,0.0381,0.0653,0.0227,0.3428,0.0384,0.0568,0.0159,0.0322,0.1039,0.0373,0.2776,0.0569,0.8917,0.0399,0.5797,0.0234,0.0107,0.0938,0.0494,0.0232,0.0442,0.0386,0.0116,0.0149,0.1409,0.0156,0.0235,0.1481,0.0105,0.0697,0.0325,0.0371,0.0994,0.0254,0.0258,0.024,0.0301,0.0353,0.2374,0.7658,0.8882,0.5238,0.3134,0.0384,0.0655,0.3099,0.5744,0.0534,0.0395,0.0307,0.0345,0.0299,0.0379,0.0366,0.0164,0.0694,0.6894,0.0672,0.4952,0.2968,0.0158,0.012,0.0675,0.0376
TCGA-06-5408,0.0408,0.0952,0.128,0.0276,0.0427,0.0243,0.0478,0.9212,0.0158,0.0722,0.0386,0.0746,0.317,0.197,0.1404,0.1449,0.958,0.0279,0.8126,0.0776,0.221,0.0404,0.0159,0.0193,0.0573,0.0221,0.3151,0.0338,0.0907,0.9235,0.0482,0.4606,0.7606,0.0633,0.0378,0.4448,0.0324,0.0502,0.015,0.0309,0.0439,0.0138,0.7235,0.0379,0.0328,0.7965,0.0314,0.0578,0.1044,0.0481,0.0241,0.1615,0.2,0.0715,0.0686,0.0255,0.0253,0.0674,0.1132,0.104,0.8996,0.031,0.0391,0.0279,0.0571,0.0338,0.3564,0.0571,0.0136,0.0961,0.0291,0.0219,0.0362,0.0177,0.024,0.0534,0.035,0.0208,0.0339,0.062,0.8506,0.0368,0.0572,0.0409,0.0308,0.0404,0.0567,0.0246,0.5871,0.044,0.0826,0.0142,0.0258,0.1877,0.0496,0.8041,0.1116,0.8589,0.0304,0.0091,0.0405,0.0116,0.0558,0.0418,0.0249,0.032,0.0347,0.0107,0.0153,0.0922,0.0148,0.0205,0.1091,0.0105,0.0642,0.0207,0.0321,0.0622,0.0309,0.032,0.0253,0.0464,0.0232,0.0426,0.2809,0.8352,0.2407,0.3478,0.0202,0.0865,0.2978,0.7064,0.0482,0.0391,0.0405,0.0347,0.028,0.0229,0.0381,0.0147,0.0386,0.273,0.0713,0.0085,0.2539,0.0158,0.0151,0.0387,0.0536
TCGA-06-5410,0.0576,0.1011,0.1521,0.0456,0.2051,0.0191,0.0354,0.9221,0.0189,0.0859,0.0299,0.0741,0.6535,0.1707,0.6075,0.2054,0.9602,0.0281,0.9246,0.0781,0.1913,0.0414,0.024,0.022,0.0253,0.0242,0.4198,0.0362,0.0839,0.8832,0.0758,0.1731,0.3768,0.1366,0.0454,0.6591,0.0303,0.0759,0.0217,0.0448,0.0332,0.0321,0.4978,0.0416,0.0435,0.5001,0.225,0.0676,0.1467,0.0478,0.0291,0.0965,0.5907,0.1255,0.071,0.0309,0.0262,0.0759,0.2032,0.0378,0.7913,0.0255,0.0475,0.0382,0.0512,0.0456,0.2094,0.0522,0.017,0.3985,0.0407,0.02,0.0447,0.0256,0.0287,0.093,0.0568,0.0291,0.0492,0.0829,0.8605,0.0489,0.0392,0.0522,0.1412,0.05,0.4173,0.0234,0.7059,0.0561,0.0495,0.0127,0.0506,0.4129,0.0343,0.6214,0.1061,0.9254,0.0445,0.0096,0.0359,0.0101,0.1302,0.0551,0.0321,0.0332,0.0427,0.0111,0.016,0.5643,0.0197,0.0179,0.5319,0.0115,0.0673,0.0405,0.0381,0.0449,0.0281,0.0282,0.0443,0.0554,0.0494,0.0798,0.1117,0.8486,0.4517,0.2829,0.0294,0.0756,0.7339,0.2592,0.0596,0.0522,0.099,0.0336,0.0273,0.0301,0.0381,0.0264,0.0594,0.8768,0.0812,0.0473,0.2059,0.0192,0.0105,0.0327,0.0348
TCGA-06-5412,0.0623,0.0711,0.0604,0.0323,0.0671,0.0357,0.0685,0.9041,0.0255,0.0722,0.0277,0.1167,0.7521,0.2139,0.6332,0.2024,0.952,0.0412,0.9213,0.0573,0.1852,0.0577,0.0224,0.0179,0.0297,0.0262,0.4215,0.0705,0.0732,0.8731,0.13,0.2003,0.439,0.0387,0.0448,0.6153,0.0349,0.0802,0.0203,0.0616,0.0276,0.0234,0.5103,0.0234,0.0354,0.77,0.0623,0.064,0.1322,0.2111,0.023,0.1538,0.5837,0.1671,0.0572,0.0211,0.0464,0.0592,0.1624,0.0538,0.8624,0.0282,0.0357,0.0325,0.0481,0.2645,0.373,0.0441,0.018,0.2492,0.035,0.0189,0.054,0.0259,0.0311,0.1407,0.0408,0.024,0.0389,0.0768,0.7317,0.0397,0.0312,0.0527,0.0648,0.0443,0.14,0.0218,0.5852,0.0977,0.0707,0.0157,0.0293,0.3034,0.0417,0.6404,0.2435,0.8559,0.0416,0.01,0.0332,0.0116,0.1502,0.0451,0.027,0.0283,0.0457,0.0123,0.0191,0.5667,0.0163,0.0308,0.4278,0.0161,0.0634,0.0226,0.0366,0.132,0.0297,0.043,0.0475,0.0721,0.0335,0.1141,0.3476,0.9004,0.4645,0.2614,0.0265,0.0664,0.6409,0.3067,0.0663,0.0342,0.0324,0.0329,0.0249,0.0235,0.0476,0.0182,0.0508,0.7581,0.0973,0.4149,0.2,0.0152,0.0118,0.0503,0.0297
TCGA-06-5414,0.0388,0.0901,0.0476,0.0507,0.0756,0.0186,0.0389,0.9281,0.1825,0.0637,0.0345,0.0893,0.3652,0.653,0.2544,0.1291,0.9478,0.0481,0.905,0.0591,0.2184,0.0319,0.032,0.0216,0.0366,0.0289,0.3976,0.0359,0.1418,0.9125,0.0731,0.7194,0.7274,0.3121,0.0383,0.772,0.0358,0.0678,0.022,0.0335,0.0337,0.0193,0.7353,0.0364,0.0402,0.9245,0.0877,0.0464,0.2528,0.1767,0.024,0.0695,0.53,0.1201,0.2698,0.024,0.0339,0.0622,0.1503,0.0767,0.8991,0.0412,0.0514,0.0356,0.0412,0.0423,0.4855,0.0721,0.3337,0.0749,0.0472,0.0244,0.0501,0.0273,0.0236,0.0863,0.0531,0.0372,0.0709,0.0957,0.8681,0.039,0.0429,0.0379,0.0427,0.0448,0.0399,0.0257,0.6136,0.0652,0.054,0.0158,0.0347,0.1672,0.0852,0.6667,0.5831,0.6491,0.0393,0.6133,0.0351,0.0138,0.1147,0.0573,0.0265,0.0645,0.0461,0.0153,0.0204,0.2241,0.6992,0.0221,0.1465,0.013,0.1887,0.0222,0.0331,0.4674,0.0326,0.2123,0.0356,0.0283,0.0261,0.0843,0.4901,0.9207,0.5658,0.343,0.0351,0.1074,0.4901,0.6633,0.078,0.0385,0.0251,0.0429,0.0327,0.0313,0.0262,0.025,0.0596,0.6731,0.0485,0.2964,0.3053,0.0242,0.0184,0.0685,0.0527
TCGA-06-5415,0.0997,0.1193,0.0542,0.0474,0.0769,0.0272,0.0701,0.8342,0.0217,0.0665,0.0338,0.0701,0.3983,0.2011,0.2329,0.1752,0.9575,0.0344,0.9042,0.1438,0.2048,0.0453,0.0276,0.0234,0.0595,0.0326,0.6717,0.0475,0.089,0.8959,0.1025,0.4919,0.7826,0.0448,0.0425,0.9044,0.0371,0.0984,0.0206,0.0461,0.0279,0.0226,0.7792,0.0226,0.0334,0.5438,0.0991,0.065,0.2047,0.2612,0.0231,0.1995,0.2693,0.1488,0.0849,0.0251,0.0416,0.0695,0.3011,0.13,0.9063,0.0388,0.1411,0.0457,0.0579,0.0509,0.6316,0.0424,0.2344,0.1008,0.0374,0.0351,0.0409,0.0264,0.0276,0.0606,0.0443,0.0316,0.074,0.0725,0.8915,0.0333,0.0777,0.0417,0.0311,0.0544,0.0509,0.0234,0.4897,0.0385,0.0568,0.0169,0.0361,0.4376,0.0596,0.4575,0.6529,0.9193,0.0342,0.2155,0.0334,0.0121,0.1478,0.0576,0.0236,0.0519,0.0298,0.0136,0.0222,0.132,0.0198,0.0391,0.1337,0.0126,0.1144,0.0346,0.0384,0.0492,0.039,0.0252,0.0331,0.0266,0.0235,0.1068,0.5039,0.9122,0.4817,0.3917,0.0468,0.1399,0.3635,0.6176,0.0712,0.046,0.0414,0.0511,0.0292,0.0327,0.0456,0.0222,0.0791,0.4048,0.0597,0.0121,0.1522,0.0272,0.0146,0.0676,0.0448
TCGA-06-5417,0.0511,0.0674,0.7813,0.0712,0.0611,0.022,0.0519,0.9431,0.0345,0.0387,0.0361,0.0692,0.3425,0.1517,0.1229,0.2443,0.9613,0.0469,0.782,0.0789,0.2967,0.0375,0.0253,0.0295,0.0411,0.0296,0.8106,0.042,0.0852,0.9408,0.4963,0.1606,0.8941,0.8381,0.0317,0.8842,0.0361,0.0469,0.0276,0.045,0.0256,0.0286,0.7942,0.027,0.0419,0.9353,0.0369,0.0518,0.2878,0.8029,0.0235,0.0589,0.1298,0.0746,0.0502,0.0258,0.0443,0.0647,0.362,0.6694,0.9431,0.0316,0.0505,0.036,0.0481,0.8697,0.7075,0.8814,0.0177,0.0484,0.1699,0.0387,0.0673,0.0296,0.0354,0.4719,0.1414,0.0354,0.0602,0.0307,0.9053,0.0347,0.0411,0.0461,0.7704,0.0475,0.1249,0.0256,0.3137,0.044,0.121,0.0189,0.0472,0.029,0.0733,0.5584,0.8741,0.9321,0.0442,0.0141,0.0379,0.0114,0.1019,0.0595,0.0246,0.0878,0.0431,0.0123,0.0198,0.0677,0.0173,0.0232,0.0784,0.0129,0.0562,0.0226,0.0373,0.1044,0.0325,0.0244,0.0325,0.0233,0.0313,0.112,0.0523,0.8372,0.4087,0.3074,0.0413,0.9126,0.1899,0.7845,0.085,0.0364,0.2431,0.0402,0.0351,0.0307,0.3758,0.0189,0.0611,0.2681,0.0388,0.008,0.1246,0.0258,0.0138,0.0584,0.0448
TCGA-06-5418,0.0546,0.061,0.0442,0.0463,0.0656,0.0209,0.0514,0.9533,0.0193,0.0566,0.0358,0.0966,0.483,0.1066,0.2583,0.1675,0.9432,0.0318,0.9043,0.078,0.268,0.0326,0.0242,0.0259,0.0536,0.0285,0.5273,0.0423,0.0712,0.9212,0.0487,0.46,0.8268,0.1079,0.0471,0.5421,0.029,0.0553,0.0309,0.0249,0.0201,0.0275,0.7195,0.038,0.038,0.8725,0.0278,0.0439,0.2463,0.0645,0.0239,0.0377,0.3114,0.1319,0.0588,0.0254,0.0443,0.0623,0.3142,0.4559,0.8839,0.0303,0.0489,0.0314,0.0453,0.0428,0.4896,0.0546,0.0163,0.0833,0.0362,0.0185,0.0457,0.0277,0.0297,0.0604,0.0995,0.0311,0.0397,0.036,0.8566,0.0389,0.0476,0.0341,0.0274,0.0414,0.058,0.0261,0.2399,0.0486,0.053,0.0196,0.0333,0.0603,0.0569,0.3796,0.6351,0.738,0.0394,0.0178,0.0257,0.0157,0.1022,0.0615,0.0207,0.053,0.0386,0.0136,0.0195,0.1236,0.0158,0.019,0.1036,0.0127,0.079,0.0282,0.0272,0.2422,0.0266,0.0254,0.0218,0.0495,0.041,0.0864,0.4857,0.8739,0.2473,0.3513,0.0465,0.0885,0.323,0.5941,0.064,0.0522,0.0235,0.0303,0.0247,0.0247,0.059,0.0261,0.0507,0.8344,0.0346,0.0088,0.1813,0.025,0.0184,0.053,0.0342
TCGA-06-5856,0.1019,0.0843,0.3035,0.0383,0.0525,0.0386,0.0364,0.9348,0.0236,0.1055,0.0279,0.0818,0.283,0.1094,0.1731,0.2489,0.7634,0.0312,0.8529,0.0834,0.2094,0.0517,0.0337,0.0195,0.0257,0.027,0.5712,0.0191,0.0866,0.9157,0.0706,0.6128,0.6767,0.3341,0.0371,0.6522,0.0643,0.1324,0.0194,0.0352,0.0265,0.0172,0.744,0.032,0.0304,0.86,0.0306,0.0576,0.1623,0.1964,0.03,0.2765,0.1544,0.0709,0.0717,0.0279,0.0337,0.0858,0.2333,0.3828,0.8751,0.0273,0.037,0.0335,0.0664,0.0475,0.4263,0.0374,0.342,0.0637,0.0361,0.0225,0.1043,0.0226,0.0197,0.1418,0.0515,0.0371,0.0371,0.03,0.6597,0.0342,0.0313,0.0328,0.0816,0.0579,0.0718,0.0224,0.4291,0.0345,0.0469,0.0135,0.0491,0.2422,0.0439,0.4724,0.3101,0.8236,0.0387,0.0105,0.0305,0.0103,0.0962,0.0516,0.0223,0.0413,0.0417,0.012,0.0157,0.1146,0.0197,0.0318,0.1408,0.0923,0.0633,0.0353,0.0296,0.5207,0.0346,0.0223,0.0225,0.0341,0.0262,0.3046,0.7802,0.8881,0.4096,0.2397,0.0304,0.0838,0.4725,0.5728,0.0666,0.0326,0.0868,0.0433,0.0365,0.027,0.0617,0.0243,0.0481,0.3191,0.0587,0.4877,0.1712,0.0198,0.0121,0.0532,0.0337
TCGA-06-5858,0.0577,0.0795,0.0408,0.0484,0.0531,0.0223,0.0432,0.9329,0.0196,0.0388,0.0549,0.0733,0.2761,0.1011,0.2893,0.1598,0.958,0.0273,0.4404,0.0454,0.1931,0.0332,0.0197,0.0202,0.0276,0.0276,0.4262,0.0264,0.055,0.9237,0.0655,0.032,0.2382,0.0378,0.0377,0.3308,0.0298,0.0572,0.0173,0.0368,0.0244,0.024,0.4733,0.0312,0.0316,0.4877,0.0401,0.0612,0.3248,0.0404,0.0352,0.0458,0.3006,0.0798,0.0616,0.0231,0.0265,0.053,0.1198,0.1365,0.87,0.0224,0.0467,0.0322,0.0528,0.063,0.1496,0.0581,0.0148,0.104,0.0314,0.0215,0.0534,0.0172,0.0213,0.0439,0.0257,0.0165,0.0346,0.0402,0.8788,0.0396,0.0308,0.0374,0.0247,0.0517,0.0487,0.0228,0.2062,0.0334,0.0496,0.0155,0.0341,0.076,0.0434,0.3577,0.3751,0.8398,0.026,0.009,0.0281,0.0103,0.1018,0.0647,0.03,0.0289,0.0482,0.0119,0.0162,0.0982,0.0162,0.0615,0.2092,0.0092,0.0528,0.034,0.0322,0.0495,0.0269,0.0234,0.026,0.0328,0.0361,0.1321,0.1212,0.9434,0.3575,0.3048,0.0278,0.0729,0.398,0.492,0.0584,0.0354,0.0448,0.0262,0.0248,0.028,0.0282,0.02,0.0522,0.3495,0.0487,0.031,0.1836,0.017,0.0112,0.0452,0.0419
TCGA-12-5299,0.045,0.0816,0.0362,0.047,0.0589,0.0235,0.1018,0.9324,0.0166,0.0434,0.0357,0.0475,0.4261,0.107,0.1519,0.1569,0.9616,0.0485,0.9038,0.0647,0.2736,0.0272,0.0309,0.0268,0.1355,0.0272,0.6801,0.0598,0.0889,0.8799,0.1566,0.0413,0.2345,0.0716,0.0387,0.6976,0.0313,0.063,0.0281,0.0273,0.0708,0.0189,0.7738,0.0239,0.0353,0.9295,0.1792,0.0344,0.1709,0.0665,0.0254,0.1167,0.198,0.1102,0.0582,0.0295,0.0551,0.0556,0.1862,0.0755,0.9033,0.0445,0.0544,0.0482,0.0441,0.0428,0.3363,0.0391,0.0349,0.0458,0.0334,0.0284,0.052,0.033,0.0273,0.0516,0.1467,0.0661,0.0848,0.0783,0.7071,0.0448,0.0587,0.0359,0.0356,0.0307,0.0499,0.0247,0.2813,0.0494,0.0546,0.0197,0.0378,0.3509,0.0958,0.8601,0.106,0.7994,0.024,0.0104,0.0484,0.0141,0.1446,0.0646,0.0182,0.0569,0.0329,0.0131,0.0164,0.1074,0.0152,0.0193,0.1077,0.0112,0.4305,0.0213,0.0521,0.2646,0.029,0.0237,0.0308,0.0253,0.0267,0.1036,0.1138,0.9043,0.7843,0.4579,0.0464,0.1868,0.3069,0.8248,0.0969,0.043,0.0175,0.0588,0.0286,0.0375,0.0351,0.0257,0.0917,0.8687,0.0347,0.0064,0.1264,0.0286,0.0182,0.081,0.0657
TCGA-14-0781,0.0612,0.0643,0.0713,0.0278,0.0613,0.0273,0.0323,0.8423,0.0321,0.0615,0.0229,0.0548,0.6564,0.3381,0.642,0.1341,0.9508,0.0242,0.9364,0.0835,0.1454,0.0412,0.0196,0.0238,0.0236,0.0159,0.3707,0.039,0.0704,0.8825,0.0957,0.2927,0.3124,0.0311,0.0454,0.8436,0.0322,0.1225,0.02,0.0439,0.035,0.0219,0.4203,0.0179,0.0395,0.7052,0.0708,0.0849,0.1353,0.0587,0.029,0.1338,0.4721,0.1506,0.0792,0.0257,0.0278,0.0644,0.3398,0.027,0.8193,0.0295,0.0518,0.0339,0.0447,0.1275,0.2776,0.0433,0.0518,0.4398,0.0259,0.0217,0.0399,0.0183,0.032,0.1079,0.0415,0.0179,0.0652,0.1107,0.7641,0.025,0.0594,0.0557,0.0799,0.0528,0.1086,0.0177,0.8048,0.0639,0.0565,0.0147,0.0382,0.3163,0.0472,0.8389,0.1655,0.8957,0.0416,0.0118,0.0454,0.0109,0.1336,0.0567,0.0268,0.033,0.0298,0.0113,0.0134,0.5316,0.1147,0.0375,0.4692,0.0102,0.0607,0.0254,0.0359,0.1445,0.023,0.0242,0.0314,0.1061,0.0535,0.0689,0.4528,0.8048,0.5265,0.3269,0.0267,0.0902,0.7316,0.2422,0.0725,0.0256,0.0378,0.0578,0.0209,0.0419,0.0658,0.0169,0.0746,0.8814,0.1211,0.012,0.2863,0.0183,0.021,0.0477,0.0351
TCGA-15-1444,0.0599,0.0722,0.6249,0.0358,0.0461,0.0236,0.0581,0.9322,0.0276,0.0443,0.0251,0.0453,0.5891,0.2175,0.5133,0.284,0.9587,0.0287,0.8624,0.1322,0.1339,0.0333,0.0204,0.0203,0.026,0.0181,0.7055,0.0312,0.0571,0.8734,0.2606,0.3654,0.6818,0.4237,0.0477,0.726,0.0338,0.0565,0.016,0.0536,0.0312,0.0234,0.524,0.0365,0.0383,0.6287,0.0293,0.0539,0.2196,0.3953,0.0263,0.0691,0.2787,0.6764,0.0596,0.0203,0.0388,0.0483,0.4505,0.646,0.888,0.0251,0.0624,0.0339,0.0512,0.5572,0.4951,0.5362,0.0152,0.1647,0.3773,0.0273,0.0431,0.0184,0.0271,0.4028,0.1746,0.294,0.0545,0.0582,0.7677,0.0313,0.0369,0.0507,0.3899,0.0404,0.0761,0.0228,0.3912,0.0433,0.1772,0.0175,0.0336,0.209,0.0428,0.7333,0.426,0.8821,0.1987,0.0135,0.0301,0.0121,0.1216,0.0387,0.0259,0.0473,0.0434,0.0115,0.0163,0.1793,0.0186,0.0277,0.1562,0.0125,0.2374,0.0248,0.0353,0.3478,0.0314,0.0246,0.0278,0.0384,0.0685,0.5377,0.6448,0.7511,0.6218,0.3337,0.0239,0.6943,0.8865,0.5249,0.0626,0.0376,0.4045,0.0342,0.0323,0.0289,0.5356,0.0241,0.0585,0.4827,0.0638,0.0078,0.3366,0.0176,0.0133,0.0378,0.0681
TCGA-19-5960,0.027,0.1062,0.7741,0.0262,0.0393,0.048,0.054,0.9426,0.0232,0.0519,0.0285,0.0628,0.0807,0.5116,0.0503,0.2747,0.9298,0.0359,0.7449,0.078,0.1947,0.0495,0.0436,0.0175,0.0377,0.0236,0.8295,0.0482,0.1422,0.9024,0.1012,0.5771,0.8514,0.2294,0.0392,0.8146,0.0275,0.0721,0.0177,0.0386,0.0279,0.0219,0.663,0.0286,0.0337,0.9172,0.1037,0.0738,0.2129,0.0903,0.0236,0.1503,0.1275,0.1182,0.0605,0.0258,0.0371,0.066,0.4869,0.7531,0.9372,0.0318,0.1755,0.0351,0.052,0.0731,0.5765,0.0809,0.0151,0.095,0.0604,0.025,0.0542,0.0202,0.0242,0.0762,0.0573,0.023,0.0478,0.2199,0.9665,0.0557,0.0349,0.0458,0.0284,0.0486,0.0476,0.0231,0.6119,0.0354,0.0965,0.0128,0.0352,0.2926,0.0442,0.396,0.1893,0.929,0.0338,0.0094,0.0346,0.0108,0.0946,0.0547,0.0224,0.0336,0.0427,0.0141,0.0161,0.0636,0.0147,0.0402,0.072,0.0111,0.0919,0.1244,0.0328,0.0561,0.0316,0.0212,0.0421,0.036,0.028,0.2469,0.6257,0.9252,0.7233,0.2684,0.0244,0.0893,0.7676,0.834,0.0608,0.047,0.0804,0.0411,0.038,0.0359,0.0611,0.0225,0.0548,0.8582,0.0599,0.0145,0.3572,0.0211,0.0124,0.0508,0.0489
TCGA-26-1442,0.0564,0.1035,0.6835,0.0403,0.0359,0.0394,0.0283,0.9401,0.0206,0.0536,0.0295,0.0373,0.4547,0.3791,0.1404,0.4708,0.9573,0.0417,0.8304,0.0801,0.1402,0.0439,0.0126,0.018,0.3668,0.023,0.7286,0.0449,0.1509,0.7856,0.6141,0.0263,0.8427,0.5263,0.0358,0.7617,0.0374,0.0429,0.0201,0.0324,0.0275,0.0268,0.6563,0.0268,0.0335,0.8438,0.2042,0.064,0.2153,0.4688,0.0188,0.4083,0.2663,0.1187,0.0611,0.0188,0.0338,0.0707,0.168,0.6466,0.8943,0.0262,0.0439,0.0353,0.0497,0.504,0.5884,0.4028,0.0165,0.0617,0.3743,0.0212,0.0388,0.0192,0.02,0.1005,0.3118,0.4686,0.0881,0.0479,0.8933,0.0288,0.0388,0.0433,0.552,0.043,0.0797,0.0204,0.4575,0.0305,0.0595,0.0177,0.0459,0.0849,0.0527,0.5103,0.1498,0.9037,0.037,0.0106,0.0407,0.0102,0.1098,0.0497,0.0311,0.0249,0.0513,0.0113,0.0157,0.106,0.0176,0.0225,0.2078,0.0117,0.0453,0.0256,0.043,0.0842,0.0323,0.0311,0.0321,0.032,0.0371,0.5292,0.0873,0.902,0.7144,0.263,0.0254,0.4175,0.8435,0.6166,0.0762,0.0692,0.4357,0.0456,0.0235,0.0222,0.5295,0.0194,0.0562,0.3926,0.0535,0.0085,0.4984,0.016,0.0121,0.0306,0.0447
TCGA-26-5132,0.1376,0.0803,0.2339,0.0743,0.0602,0.0324,0.0403,0.9468,0.0266,0.058,0.0368,0.069,0.1696,0.5602,0.2514,0.1613,0.9519,0.0504,0.8987,0.0643,0.2044,0.0465,0.0227,0.0308,0.0321,0.0325,0.5988,0.0432,0.0734,0.891,0.0742,0.6327,0.8153,0.0804,0.0365,0.8948,0.0485,0.505,0.0234,0.0478,0.0327,0.0166,0.4594,0.0309,0.0401,0.9246,0.0331,0.0451,0.3141,0.398,0.0397,0.1393,0.2228,0.1808,0.0713,0.0329,0.0479,0.0574,0.4404,0.0853,0.9144,0.0406,0.2578,0.0406,0.0302,0.1077,0.4243,0.0642,0.5362,0.0882,0.0322,0.0159,0.1246,0.0663,0.023,0.1261,0.2971,0.034,0.0694,0.1662,0.6449,0.0426,0.0412,0.045,0.0289,0.0567,0.0888,0.027,0.1645,0.0557,0.0527,0.0198,0.0323,0.06,0.0713,0.3762,0.532,0.5661,0.0497,0.2815,0.0404,0.0151,0.1457,0.0573,0.0283,0.0774,0.0474,0.0155,0.0248,0.1271,0.6808,0.0302,0.4545,0.0141,0.6418,0.0437,0.0386,0.4469,0.0331,0.0399,0.0388,0.0309,0.0496,0.1411,0.577,0.8885,0.4724,0.3779,0.0391,0.0882,0.2722,0.6709,0.0821,0.0408,0.0446,0.0471,0.0242,0.0337,0.1291,0.0252,0.084,0.7309,0.0541,0.6444,0.339,0.0197,0.015,0.0731,0.0516
TCGA-26-5133,0.1126,0.0584,0.8966,0.0749,0.0692,0.0307,0.0406,0.9309,0.0196,0.1127,0.0402,0.074,0.3577,0.1243,0.287,0.3005,0.7751,0.6544,0.5264,0.466,0.2618,0.0898,0.0208,0.031,0.0301,0.045,0.7888,0.0602,0.1252,0.9204,0.1959,0.3209,0.828,0.7844,0.0721,0.7668,0.0552,0.0983,0.0247,0.0403,0.0367,0.0269,0.5859,0.0271,0.0358,0.8324,0.2537,0.0653,0.2348,0.8339,0.0332,0.17,0.1865,0.1488,0.0629,0.0314,0.0526,0.0743,0.1096,0.1376,0.8341,0.0408,0.0386,0.0463,0.0482,0.8546,0.7196,0.8113,0.4454,0.0549,0.3889,0.0283,0.0478,0.0269,0.0247,0.1054,0.0282,0.0383,0.0626,0.0308,0.91,0.0493,0.0553,0.0585,0.455,0.0456,0.8797,0.0311,0.4348,0.0574,0.0753,0.02,0.0343,0.0334,0.0801,0.5486,0.7521,0.9231,0.0424,0.01,0.0366,0.0132,0.1942,0.0576,0.0297,0.0914,0.0397,0.0192,0.018,0.0928,0.019,0.0186,0.1199,0.0118,0.1177,0.0261,0.0355,0.8039,0.0293,0.0227,0.036,0.6607,0.4905,0.0987,0.8865,0.9446,0.1818,0.3927,0.2078,0.8588,0.5846,0.4056,0.3053,0.0399,0.0233,0.0461,0.0304,0.0364,0.4277,0.0224,0.0616,0.4718,0.0601,0.008,0.1097,0.024,0.0159,0.0731,0.0507
TCGA-26-5134,0.0631,0.1032,0.2765,0.0574,0.0671,0.0205,0.0483,0.9406,0.0182,0.0918,0.0473,0.0576,0.4081,0.1214,0.1855,0.2085,0.7328,0.0486,0.2867,0.0679,0.2354,0.0403,0.0263,0.0234,0.0736,0.0403,0.6643,0.0785,0.0632,0.7333,0.0886,0.1463,0.8525,0.0583,0.0545,0.5223,0.0533,0.0872,0.026,0.0457,0.0393,0.0333,0.4166,0.0338,0.0352,0.2282,0.035,0.0511,0.2383,0.0829,0.0262,0.0535,0.1294,0.1502,0.0627,0.0384,0.0326,0.0513,0.1297,0.0572,0.3042,0.039,0.0472,0.037,0.0535,0.048,0.1924,0.0908,0.0187,0.057,0.0399,0.0228,0.035,0.0237,0.0256,0.065,0.0328,0.0325,0.0597,0.0413,0.2355,0.0507,0.0493,0.0508,0.2811,0.0476,0.0324,0.0282,0.1803,0.0494,0.06,0.016,0.0506,0.0506,0.0629,0.7734,0.1438,0.8895,0.0482,0.1207,0.0382,0.013,0.1157,0.0534,0.0217,0.0614,0.0427,0.014,0.0176,0.0729,0.0147,0.0242,0.1235,0.0123,0.0692,0.0282,0.0378,0.0348,0.0285,0.0205,0.0315,0.0372,0.0326,0.0867,0.0795,0.2962,0.1612,0.4034,0.0496,0.0883,0.8844,0.4108,0.0719,0.038,0.1865,0.0422,0.0638,0.0365,0.0443,0.0246,0.0677,0.1559,0.0589,0.0093,0.1479,0.0219,0.0157,0.0586,0.045
TCGA-26-5135,0.1124,0.0983,0.3742,0.052,0.0643,0.0252,0.0378,0.7648,0.0187,0.0738,0.0495,0.0691,0.2673,0.114,0.2765,0.1915,0.9464,0.0538,0.5288,0.0785,0.2352,0.0401,0.0543,0.0198,0.0296,0.027,0.5916,0.0387,0.0427,0.6707,0.1026,0.0694,0.7707,0.648,0.0527,0.554,0.0401,0.0715,0.0228,0.0395,0.0405,0.0252,0.7466,0.0326,0.0328,0.6194,0.0404,0.0389,0.1088,0.0701,0.0285,0.048,0.2866,0.1771,0.0549,0.0278,0.0415,0.0599,0.5527,0.1018,0.8672,0.0397,0.0577,0.0386,0.0473,0.0483,0.4707,0.0553,0.0157,0.0596,0.0373,0.0213,0.094,0.0263,0.0338,0.0653,0.0216,0.0451,0.0752,0.0682,0.8816,0.0389,0.0448,0.0433,0.0318,0.0503,0.0537,0.0237,0.6459,0.0506,0.0798,0.019,0.0404,0.4732,0.0646,0.8861,0.2242,0.5457,0.0253,0.0108,0.0392,0.0138,0.1514,0.0608,0.0227,0.0587,0.0332,0.0146,0.0169,0.1214,0.0139,0.0336,0.1512,0.0131,0.0685,0.0241,0.0399,0.0634,0.0304,0.0238,0.0227,0.0287,0.0365,0.1035,0.1124,0.274,0.4823,0.4563,0.0665,0.1293,0.892,0.6075,0.0866,0.044,0.0433,0.0542,0.0266,0.0271,0.103,0.0193,0.0746,0.3018,0.0589,0.482,0.2154,0.0234,0.0158,0.0631,0.0525
TCGA-26-5136,0.1102,0.073,0.3351,0.0539,0.0451,0.0521,0.0352,0.9391,0.0265,0.0669,0.0475,0.0508,0.1966,0.1404,0.2242,0.1585,0.7332,0.0413,0.8957,0.0651,0.2254,0.0354,0.0247,0.0223,0.0306,0.0447,0.4964,0.0559,0.0667,0.922,0.0742,0.5412,0.773,0.0455,0.0372,0.4873,0.0347,0.0641,0.0269,0.0382,0.0326,0.0234,0.6753,0.0377,0.0352,0.921,0.0442,0.0406,0.2072,0.0826,0.0318,0.1247,0.2595,0.1499,0.0572,0.0213,0.0464,0.0683,0.3976,0.1373,0.8036,0.0357,0.1907,0.0407,0.0365,0.1199,0.4175,0.0538,0.0339,0.0626,0.034,0.0206,0.0648,0.0274,0.0304,0.0462,0.0641,0.0298,0.0595,0.0536,0.8893,0.042,0.0432,0.0418,0.0248,0.0518,0.059,0.026,0.2153,0.0531,0.0359,0.0181,0.0454,0.152,0.0685,0.3367,0.1581,0.8981,0.0418,0.0139,0.0327,0.013,0.1178,0.0407,0.0222,0.0578,0.0427,0.0144,0.0174,0.1945,0.0154,0.0278,0.1788,0.0155,0.0592,0.0284,0.0354,0.0372,0.0307,0.0395,0.0465,0.0438,0.0387,0.3946,0.5648,0.8922,0.4172,0.3743,0.0638,0.1099,0.887,0.5082,0.06,0.0409,0.0377,0.0393,0.033,0.029,0.0397,0.021,0.1112,0.5172,0.0592,0.1032,0.1692,0.0227,0.0172,0.0763,0.0597
TCGA-26-5139,0.0767,0.0851,0.0631,0.0705,0.0592,0.0363,0.0474,0.9042,0.0259,0.0753,0.0382,0.0462,0.3429,0.099,0.2077,0.1437,0.9506,0.0468,0.8782,0.0588,0.1999,0.0339,0.0183,0.0224,0.0766,0.038,0.4173,0.0329,0.0598,0.8993,0.0843,0.0396,0.3937,0.0612,0.0361,0.4375,0.0321,0.0389,0.0299,0.0291,0.0344,0.0171,0.3334,0.0267,0.036,0.8268,0.0302,0.0384,0.2702,0.0683,0.0251,0.0782,0.2615,0.126,0.0759,0.024,0.0457,0.0884,0.1067,0.083,0.8975,0.0444,0.0409,0.0434,0.0481,0.0339,0.1848,0.0482,0.0154,0.0711,0.0448,0.0189,0.0428,0.0264,0.0366,0.0513,0.0269,0.0354,0.0827,0.0281,0.9268,0.0437,0.0749,0.0381,0.0349,0.0438,0.0507,0.0285,0.299,0.0458,0.0521,0.0206,0.0323,0.214,0.0738,0.4114,0.4464,0.8822,0.0246,0.0102,0.0379,0.0136,0.1616,0.0511,0.0167,0.0887,0.0371,0.0143,0.0183,0.1354,0.6109,0.0191,0.1132,0.0121,0.0662,0.025,0.0383,0.0446,0.0341,0.0243,0.0648,0.0248,0.0378,0.0826,0.0441,0.8784,0.479,0.3338,0.0454,0.1407,0.2968,0.6047,0.0763,0.0493,0.025,0.0522,0.0315,0.0349,0.1089,0.0292,0.105,0.7327,0.0674,0.3153,0.2671,0.0246,0.017,0.0887,0.077
TCGA-28-5207,0.0503,0.1002,0.0877,0.0566,0.0655,0.0256,0.0479,0.9321,0.0169,0.071,0.023,0.0566,0.3504,0.1088,0.4106,0.1435,0.9146,0.0366,0.8052,0.0676,0.2002,0.0313,0.0395,0.0258,0.0348,0.0277,0.3394,0.0719,0.0478,0.8877,0.1104,0.1208,0.6768,0.0555,0.0321,0.4642,0.0254,0.0894,0.027,0.0388,0.0239,0.0213,0.6042,0.0206,0.0443,0.7769,0.028,0.0437,0.0783,0.0725,0.0253,0.2299,0.3595,0.0807,0.0601,0.0383,0.0472,0.0689,0.121,0.0593,0.7215,0.0375,0.0422,0.0424,0.0427,0.0319,0.3491,0.0618,0.016,0.0628,0.0364,0.0176,0.04,0.0225,0.0244,0.063,0.022,0.0306,0.0539,0.0401,0.822,0.0811,0.0569,0.0304,0.0302,0.0309,0.0559,0.0218,0.2596,0.0443,0.0381,0.0198,0.034,0.1707,0.085,0.5427,0.2973,0.7775,0.0297,0.0115,0.0365,0.0129,0.1787,0.0383,0.0222,0.0963,0.0331,0.014,0.0178,0.1796,0.0162,0.0185,0.1591,0.0107,0.0744,0.0227,0.0478,0.0446,0.03,0.0322,0.0293,0.0306,0.0532,0.1746,0.1027,0.9093,0.484,0.4205,0.0531,0.1456,0.4094,0.4323,0.0998,0.0525,0.0244,0.0614,0.0206,0.0318,0.1447,0.0197,0.0868,0.5512,0.0364,0.0069,0.2679,0.0098,0.016,0.051,0.0589
TCGA-28-5208,0.0385,0.0605,0.1184,0.0408,0.0474,0.0249,0.0389,0.9337,0.0219,0.0451,0.0324,0.0771,0.3601,0.2399,0.1883,0.1636,0.9173,0.03,0.8973,0.1065,0.2126,0.0347,0.0221,0.0263,0.0741,0.0319,0.6445,0.0424,0.0693,0.9034,0.0626,0.8255,0.8513,0.0531,0.0341,0.5724,0.0348,0.0682,0.0233,0.0414,0.0224,0.0165,0.6649,0.0313,0.0401,0.8904,0.0391,0.0433,0.1697,0.1111,0.0259,0.0793,0.2335,0.0995,0.0597,0.021,0.0443,0.0619,0.2292,0.1549,0.8821,0.0379,0.3813,0.0356,0.0446,0.0412,0.3977,0.1414,0.0209,0.0897,0.04,0.0214,0.0474,0.0284,0.0291,0.0385,0.7222,0.0303,0.0595,0.0294,0.5882,0.0612,0.0411,0.0421,0.0288,0.0392,0.0452,0.0287,0.3566,0.0799,0.0502,0.0181,0.0294,0.0483,0.0773,0.5762,0.4944,0.8911,0.0415,0.7077,0.0329,0.0149,0.1334,0.0638,0.0236,0.0615,0.0416,0.0142,0.0224,0.0893,0.0172,0.0222,0.0993,0.0129,0.061,0.0214,0.0504,0.4675,0.0346,0.4528,0.0331,0.0275,0.0329,0.0653,0.4768,0.8016,0.5585,0.3715,0.032,0.1364,0.5575,0.7506,0.077,0.0392,0.0235,0.0438,0.0329,0.0296,0.0274,0.0212,0.1189,0.4862,0.0397,0.4004,0.2118,0.0237,0.0164,0.0743,0.0545
TCGA-28-5209,0.0413,0.0771,0.0409,0.0651,0.0687,0.0234,0.0392,0.9185,0.0235,0.0649,0.0394,0.0818,0.3255,0.542,0.1824,0.1528,0.6716,0.0414,0.9193,0.0778,0.2684,0.054,0.0314,0.0257,0.1134,0.0317,0.5192,0.0594,0.0606,0.9179,0.0584,0.2435,0.9174,0.3097,0.0458,0.3993,0.0446,0.0692,0.0206,0.0336,0.0449,0.0222,0.8276,0.0318,0.0481,0.9466,0.0344,0.0541,0.2709,0.5341,0.0235,0.6925,0.1875,0.1026,0.0816,0.0237,0.0452,0.0529,0.1436,0.3779,0.9257,0.0393,0.0594,0.0543,0.0449,0.0361,0.4616,0.0603,0.448,0.0526,0.0267,0.0218,0.0523,0.0285,0.0294,0.0577,0.1059,0.0401,0.0646,0.0352,0.614,0.0339,0.0458,0.0351,0.0303,0.0456,0.0488,0.0308,0.3308,0.0436,0.0634,0.0207,0.0303,0.0324,0.0752,0.5021,0.5266,0.898,0.0444,0.2215,0.0375,0.0156,0.1152,0.0544,0.0221,0.0514,0.043,0.0144,0.02,0.2335,0.9011,0.0266,0.1369,0.0115,0.0767,0.0303,0.0346,0.3949,0.0327,0.0229,0.024,0.0303,0.0247,0.0793,0.9007,0.9412,0.7349,0.4735,0.0311,0.1231,0.1506,0.808,0.0729,0.0414,0.0337,0.0473,0.0287,0.0358,0.0335,0.0261,0.0605,0.5576,0.054,0.372,0.1977,0.0236,0.0164,0.0569,0.0452
TCGA-28-5213,0.0427,0.0734,0.039,0.0433,0.0767,0.0304,0.0403,0.9204,0.0201,0.0551,0.0435,0.0657,0.6902,0.2496,0.5388,0.1286,0.9528,0.0378,0.9437,0.0578,0.2122,0.0381,0.0279,0.0314,0.0376,0.0667,0.3248,0.0434,0.0524,0.9188,0.0738,0.1292,0.4981,0.2526,0.0308,0.642,0.0314,0.1514,0.0263,0.0416,0.0236,0.0191,0.5222,0.0231,0.0321,0.8621,0.0422,0.0453,0.2011,0.1977,0.0239,0.0663,0.5394,0.0734,0.055,0.0397,0.0637,0.0526,0.0897,0.174,0.8894,0.0343,0.0559,0.0405,0.036,0.0548,0.2269,0.0586,0.0168,0.2678,0.0333,0.0284,0.0509,0.0292,0.0231,0.0903,0.0239,0.0307,0.065,0.033,0.8038,0.0357,0.061,0.0344,0.0428,0.0372,0.1065,0.0197,0.4193,0.0774,0.0473,0.0168,0.0377,0.1496,0.0525,0.4648,0.2294,0.9064,0.035,0.1694,0.0475,0.0132,0.1846,0.0582,0.0272,0.0694,0.0329,0.0142,0.0164,0.4835,0.0173,0.0178,0.3327,0.0118,0.1122,0.0242,0.0422,0.2762,0.0332,0.0282,0.0433,0.0569,0.0407,0.0868,0.1945,0.9195,0.4819,0.316,0.0418,0.1213,0.7335,0.295,0.0888,0.0364,0.0207,0.0568,0.0343,0.0299,0.0252,0.0268,0.0685,0.8939,0.0573,0.173,0.2441,0.0248,0.0142,0.04,0.0558
TCGA-28-5215,0.042,0.1158,0.2225,0.0795,0.064,0.0201,0.0477,0.919,0.029,0.0896,0.0442,0.0543,0.286,0.1308,0.477,0.1762,0.9589,0.046,0.5993,0.0762,0.2506,0.0345,0.0254,0.0217,0.0379,0.0268,0.5833,0.0437,0.0627,0.8728,0.0934,0.1159,0.7393,0.0408,0.0313,0.6358,0.0317,0.0727,0.0255,0.0457,0.0306,0.0251,0.5467,0.0337,0.0362,0.6801,0.0276,0.0461,0.1092,0.0706,0.0245,0.1125,0.3148,0.1207,0.0725,0.029,0.0391,0.0574,0.1128,0.0578,0.5412,0.0287,0.0525,0.0295,0.0535,0.0429,0.3245,0.0825,0.0165,0.1072,0.0307,0.0231,0.0462,0.0353,0.035,0.1687,0.1306,0.0299,0.0469,0.033,0.5476,0.0282,0.0346,0.0517,0.0444,0.048,0.0441,0.0216,0.2555,0.0515,0.0462,0.0166,0.0343,0.1013,0.0608,0.58,0.3478,0.8791,0.0383,0.2011,0.0352,0.0217,0.1515,0.0559,0.022,0.0739,0.0404,0.0128,0.0223,0.1961,0.0169,0.0234,0.1971,0.0133,0.0709,0.0249,0.0325,0.4821,0.0279,0.0316,0.0292,0.0346,0.0381,0.1042,0.0791,0.5781,0.3422,0.4885,0.0391,0.0871,0.8471,0.4515,0.0755,0.0399,0.0465,0.0332,0.0254,0.0263,0.0318,0.0344,0.0518,0.361,0.0544,0.0101,0.1491,0.0242,0.0139,0.0572,0.0465
TCGA-28-5216,0.1452,0.0735,0.079,0.067,0.0578,0.0186,0.0321,0.9058,0.0181,0.0483,0.0371,0.0385,0.291,0.076,0.24,0.105,0.8228,0.0497,0.574,0.0785,0.216,0.0286,0.0237,0.0276,0.0739,0.0264,0.628,0.0524,0.0608,0.7317,0.0763,0.3656,0.8326,0.0531,0.0321,0.4258,0.0351,0.0343,0.0248,0.0414,0.0381,0.0274,0.729,0.0263,0.0575,0.4196,0.0278,0.0289,0.2138,0.0746,0.0226,0.1336,0.2291,0.1609,0.0333,0.0307,0.038,0.0665,0.1088,0.0632,0.6132,0.042,0.0569,0.0337,0.0309,0.0618,0.3162,0.0526,0.0168,0.0718,0.0311,0.0183,0.0748,0.0326,0.0215,0.0887,0.0376,0.0413,0.0716,0.0331,0.5227,0.0571,0.0397,0.0463,0.031,0.0598,0.0349,0.029,0.3307,0.0707,0.0575,0.0203,0.0309,0.0479,0.0801,0.5729,0.0816,0.6614,0.0582,0.0098,0.0427,0.0144,0.1603,0.0635,0.0189,0.0704,0.0368,0.014,0.017,0.081,0.0168,0.022,0.1444,0.0162,0.0558,0.0204,0.0343,0.3761,0.0353,0.0272,0.0361,0.0346,0.0319,0.1061,0.0563,0.7276,0.1754,0.5143,0.05,0.1753,0.8474,0.5091,0.1403,0.048,0.0931,0.0443,0.0297,0.0285,0.0325,0.023,0.0657,0.3443,0.0393,0.0073,0.1398,0.0316,0.0132,0.0775,0.0561
TCGA-28-5218,0.0627,0.1026,0.0464,0.0599,0.0967,0.0251,0.0477,0.9547,0.0315,0.0483,0.0618,0.0722,0.833,0.4632,0.6686,0.1212,0.9392,0.0417,0.7024,0.0687,0.2304,0.0411,0.0268,0.0331,0.0426,0.032,0.49,0.0576,0.0888,0.3991,0.0859,0.292,0.6407,0.0486,0.0536,0.8932,0.0467,0.102,0.0252,0.035,0.0287,0.0299,0.2884,0.0305,0.0527,0.387,0.0501,0.0444,0.177,0.0669,0.0266,0.1179,0.4318,0.1024,0.0605,0.0261,0.038,0.0649,0.0904,0.0574,0.9036,0.0344,0.0649,0.0462,0.05,0.0409,0.1463,0.0595,0.0173,0.1923,0.0363,0.0187,0.0569,0.0303,0.032,0.122,0.0955,0.0329,0.0901,0.046,0.8805,0.0404,0.0659,0.049,0.0459,0.0378,0.1049,0.0263,0.3359,0.1076,0.0559,0.0173,0.04,0.1464,0.0836,0.6247,0.0785,0.8879,0.0285,0.0105,0.046,0.0125,0.2247,0.0557,0.0312,0.0776,0.0422,0.0151,0.0185,0.8712,0.0233,0.025,0.2981,0.0117,0.0952,0.0247,0.0396,0.036,0.0362,0.0279,0.0846,0.0614,0.0601,0.0812,0.7555,0.9215,0.2572,0.4554,0.0354,0.111,0.4713,0.2532,0.0731,0.044,0.0225,0.0478,0.0262,0.034,0.0272,0.0204,0.0852,0.7277,0.0586,0.0117,0.1261,0.0276,0.0145,0.0699,0.0478
TCGA-28-5220,0.1283,0.0666,0.3904,0.0402,0.0693,0.0256,0.0441,0.9302,0.0159,0.0901,0.0373,0.0804,0.3454,0.1245,0.1532,0.1068,0.9042,0.0411,0.8266,0.059,0.2171,0.0348,0.0219,0.0257,0.07,0.0197,0.4831,0.0339,0.051,0.891,0.0754,0.7206,0.8708,0.2867,0.0359,0.5469,0.0333,0.064,0.0243,0.0417,0.0321,0.0233,0.7107,0.0291,0.0389,0.8784,0.0332,0.0476,0.1909,0.0638,0.022,0.2219,0.245,0.0623,0.0502,0.0258,0.0324,0.07,0.0988,0.0645,0.9014,0.0294,0.0415,0.0363,0.0447,0.0372,0.3974,0.0407,0.0182,0.0536,0.0239,0.0171,0.0498,0.0562,0.0299,0.0766,0.0224,0.032,0.0483,0.0521,0.5561,0.0534,0.036,0.0435,0.029,0.0352,0.06,0.0259,0.1406,0.0423,0.0495,0.0164,0.0371,0.1806,0.0633,0.2933,0.1168,0.8434,0.028,0.0104,0.046,0.0134,0.0879,0.0484,0.0197,0.0708,0.0444,0.0135,0.0191,0.0816,0.0153,0.0168,0.1352,0.0123,0.0654,0.0251,0.044,0.0464,0.031,0.0377,0.0242,0.0338,0.0308,0.2308,0.4674,0.7816,0.1787,0.4481,0.0353,0.083,0.3734,0.45,0.0884,0.0385,0.025,0.037,0.0261,0.0428,0.0247,0.0255,0.0753,0.565,0.0557,0.274,0.151,0.0327,0.0157,0.0726,0.0489
TCGA-32-5222,0.0456,0.09,0.1467,0.0503,0.0609,0.0238,0.0374,0.9298,0.0193,0.0562,0.0413,0.0735,0.3089,0.1068,0.2083,0.1417,0.9621,0.039,0.9028,0.099,0.1988,0.0308,0.0286,0.0246,0.0717,0.0252,0.554,0.0336,0.0895,0.8842,0.0911,0.2935,0.8167,0.368,0.0366,0.5781,0.0333,0.0509,0.0227,0.048,0.0268,0.0151,0.7322,0.0255,0.0409,0.858,0.0305,0.0487,0.255,0.134,0.0304,0.1117,0.2846,0.1019,0.0648,0.0246,0.0368,0.048,0.13,0.1468,0.9171,0.0421,0.0475,0.0394,0.0493,0.0552,0.4194,0.1067,0.6749,0.1132,0.0354,0.0261,0.0433,0.0234,0.0303,0.0485,0.4501,0.0385,0.0795,0.0355,0.8238,0.0244,0.0372,0.0462,0.0312,0.0407,0.05,0.0272,0.5387,0.0658,0.0579,0.0168,0.0339,0.043,0.0714,0.5177,0.435,0.7512,0.0285,0.5526,0.0541,0.0145,0.139,0.0665,0.0253,0.0668,0.037,0.012,0.0202,0.1642,0.4232,0.0232,0.2117,0.02,0.0635,0.0295,0.0366,0.5592,0.0352,0.044,0.0378,0.0364,0.0341,0.1118,0.2539,0.4607,0.3473,0.4116,0.0371,0.0867,0.3574,0.6465,0.0766,0.0689,0.0681,0.0684,0.0236,0.027,0.0328,0.0274,0.1,0.436,0.0515,0.2138,0.1747,0.0239,0.0179,0.0869,0.058
TCGA-41-5651,0.07,0.1399,0.1153,0.0431,0.0446,0.0242,0.0361,0.9137,0.0183,0.0678,0.0472,0.0931,0.097,0.1382,0.1732,0.2433,0.9475,0.0555,0.8767,0.0882,0.2081,0.0479,0.0291,0.0238,0.0331,0.0239,0.7896,0.0482,0.114,0.8621,0.2884,0.5593,0.8469,0.0345,0.0406,0.8661,0.0299,0.0435,0.0238,0.0414,0.0396,0.0244,0.7296,0.0392,0.0377,0.8794,0.0322,0.0478,0.2144,0.2638,0.039,0.812,0.1158,0.0863,0.0613,0.0282,0.0509,0.0634,0.6033,0.2082,0.8304,0.036,0.1802,0.0276,0.0597,0.069,0.2456,0.0571,0.029,0.0816,0.0392,0.0225,0.0424,0.0238,0.0245,0.0687,0.6667,0.0311,0.0445,0.0358,0.223,0.0318,0.0469,0.0455,0.1389,0.0407,0.0484,0.0257,0.7984,0.0341,0.0623,0.015,0.0398,0.106,0.0361,0.7888,0.0961,0.8959,0.0459,0.5065,0.048,0.0129,0.093,0.0548,0.0242,0.0367,0.0363,0.0152,0.018,0.059,0.6405,0.0173,0.1055,0.0126,0.0516,0.0283,0.0591,0.2017,0.0333,0.022,0.0221,0.0397,0.0401,0.0658,0.4941,0.9457,0.5654,0.2802,0.0363,0.0932,0.8474,0.7515,0.0839,0.0458,0.1318,0.0338,0.0259,0.0278,0.056,0.0237,0.0653,0.9129,0.048,0.0086,0.1601,0.0184,0.0094,0.0471,0.0462
TCGA-76-4925,0.1233,0.0906,0.0586,0.0504,0.0495,0.0257,0.0328,0.9032,0.0426,0.0922,0.0305,0.0686,0.1536,0.509,0.1001,0.1674,0.9653,0.0338,0.7864,0.06,0.2171,0.0559,0.0218,0.0231,0.1707,0.0408,0.7776,0.0444,0.0739,0.9144,0.0509,0.7585,0.871,0.0498,0.0291,0.8451,0.0332,0.09,0.019,0.0421,0.0319,0.028,0.7929,0.0276,0.0362,0.9378,0.0314,0.0614,0.1742,0.4593,0.0235,0.0883,0.11,0.0673,0.0593,0.0223,0.0541,0.0703,0.3261,0.1086,0.9169,0.0461,0.0442,0.0379,0.0482,0.0404,0.527,0.0827,0.4803,0.051,0.0479,0.0217,0.042,0.0344,0.0278,0.0452,0.5333,0.0396,0.0626,0.0341,0.5056,0.0607,0.0449,0.0481,0.0291,0.0519,0.0427,0.0286,0.6463,0.0622,0.0665,0.015,0.0347,0.4515,0.0626,0.7968,0.8269,0.7851,0.0431,0.2551,0.0472,0.0135,0.1275,0.0631,0.0214,0.0582,0.0448,0.0127,0.0195,0.1164,0.5141,0.0241,0.1052,0.0115,0.2075,0.0239,0.0337,0.3726,0.0254,0.044,0.0316,0.02,0.0382,0.0612,0.1334,0.8593,0.3089,0.4456,0.0561,0.1042,0.4753,0.7858,0.0567,0.0519,0.0385,0.0417,0.0294,0.0235,0.0529,0.0185,0.0594,0.2112,0.051,0.404,0.1475,0.0395,0.0146,0.0598,0.053
TCGA-76-4926,0.0794,0.0877,0.0718,0.0405,0.065,0.0255,0.0466,0.9462,0.0194,0.0737,0.0346,0.0562,0.2616,0.182,0.286,0.1577,0.9568,0.0451,0.8658,0.0742,0.1971,0.0383,0.0235,0.0183,0.0401,0.0322,0.6257,0.0511,0.097,0.9175,0.0803,0.1348,0.725,0.0533,0.0405,0.4145,0.0371,0.1897,0.0207,0.0536,0.037,0.0241,0.6994,0.0282,0.0363,0.4324,0.0299,0.0476,0.1419,0.0528,0.0328,0.0761,0.2534,0.1403,0.0621,0.0234,0.034,0.0555,0.1628,0.1447,0.7928,0.0316,0.0533,0.0472,0.0498,0.0357,0.1791,0.0453,0.0153,0.08,0.0292,0.0222,0.0551,0.0553,0.0308,0.0472,0.0312,0.032,0.0606,0.1183,0.8697,0.0481,0.0432,0.0504,0.0363,0.0572,0.0406,0.0277,0.3599,0.0578,0.0637,0.0197,0.0413,0.2077,0.0523,0.3763,0.1849,0.6728,0.0347,0.3109,0.0373,0.0223,0.1082,0.0503,0.027,0.043,0.0373,0.0128,0.0134,0.1282,0.0172,0.0343,0.1099,0.0139,0.1359,0.0403,0.0377,0.0426,0.0289,0.0259,0.0287,0.0399,0.0371,0.0905,0.3745,0.92,0.4114,0.3171,0.0351,0.0944,0.5188,0.69,0.0725,0.0629,0.054,0.035,0.0198,0.0321,0.0604,0.0337,0.0693,0.4855,0.0449,0.3777,0.3038,0.0223,0.0138,0.0513,0.0449
TCGA-76-4928,0.0222,0.0885,0.0484,0.0405,0.0586,0.0222,0.0365,0.9283,0.0183,0.1299,0.0311,0.0468,0.6712,0.1901,0.2553,0.1412,0.9559,0.0457,0.87,0.0662,0.1939,0.034,0.0332,0.0202,0.0511,0.0348,0.2653,0.0409,0.0644,0.8809,0.1994,0.5263,0.3451,0.1084,0.0398,0.5945,0.027,0.0556,0.023,0.035,0.0249,0.0228,0.6317,0.0339,0.0393,0.7293,0.0551,0.0505,0.1827,0.2736,0.0231,0.4027,0.4346,0.1557,0.0517,0.0298,0.0401,0.0488,0.0898,0.05,0.8241,0.038,0.0489,0.0308,0.038,0.0469,0.2537,0.0823,0.2426,0.151,0.0325,0.0193,0.0364,0.0228,0.0266,0.0359,0.1739,0.0239,0.0678,0.0338,0.5905,0.0322,0.0381,0.047,0.0302,0.0455,0.0541,0.022,0.7631,0.2252,0.0423,0.0171,0.0332,0.0898,0.0626,0.5864,0.2506,0.8317,0.0274,0.0301,0.0408,0.0116,0.1258,0.0394,0.0194,0.0604,0.035,0.0123,0.0186,0.4494,0.3228,0.0219,0.2312,0.0494,0.1714,0.0307,0.0373,0.3357,0.035,0.0253,0.07,0.0313,0.0317,0.0663,0.0837,0.8933,0.377,0.3365,0.0352,0.0993,0.657,0.4013,0.0947,0.0301,0.0211,0.0437,0.0236,0.0279,0.0438,0.0185,0.0639,0.7501,0.0799,0.4747,0.1098,0.0244,0.0144,0.0525,0.0412
TCGA-76-4931,0.1074,0.0787,0.048,0.0525,0.065,0.0264,0.0614,0.6771,0.0195,0.0984,0.0556,0.0696,0.4254,0.1555,0.135,0.1427,0.959,0.0474,0.8955,0.065,0.2039,0.0448,0.03,0.0234,0.1123,0.0493,0.2539,0.0459,0.0606,0.9228,0.081,0.2933,0.1869,0.1871,0.0481,0.6228,0.0381,0.1348,0.0268,0.0431,0.0311,0.0153,0.7383,0.0299,0.0394,0.9022,0.0792,0.0572,0.1664,0.067,0.0322,0.0484,0.1885,0.1396,0.0918,0.0287,0.039,0.0834,0.1614,0.0493,0.8773,0.0585,0.0539,0.0456,0.0444,0.0611,0.389,0.0506,0.0163,0.0657,0.0682,0.0218,0.0547,0.0333,0.0383,0.0367,0.027,0.0345,0.0667,0.0761,0.5745,0.0303,0.0607,0.0466,0.0303,0.0534,0.0755,0.0236,0.4682,0.0427,0.07,0.0217,0.042,0.2586,0.0872,0.5092,0.142,0.7711,0.0354,0.0101,0.0414,0.0137,0.1425,0.0592,0.0265,0.0584,0.0419,0.0136,0.0214,0.0688,0.0177,0.0221,0.065,0.0122,0.0808,0.0239,0.0364,0.1049,0.0293,0.0271,0.0253,0.0249,0.0251,0.0772,0.1177,0.8978,0.3773,0.4821,0.0353,0.133,0.2456,0.8241,0.0823,0.0374,0.0337,0.0548,0.0332,0.035,0.0428,0.0241,0.0685,0.7139,0.0387,0.1144,0.1749,0.0263,0.0152,0.0726,0.0506
TCGA-76-4932,0.1301,0.0911,0.0584,0.0493,0.0622,0.0234,0.0466,0.9164,0.0269,0.0804,0.0485,0.0919,0.5412,0.5032,0.3481,0.1506,0.9596,0.0398,0.8478,0.1016,0.1644,0.0427,0.0308,0.0313,0.0774,0.0378,0.5102,0.0495,0.1522,0.8811,0.0869,0.2069,0.1956,0.0484,0.0394,0.4369,0.0441,0.0794,0.0243,0.0304,0.0328,0.0168,0.4726,0.0367,0.0438,0.9088,0.0749,0.0574,0.2403,0.082,0.031,0.0563,0.21,0.1117,0.1415,0.0228,0.0396,0.0662,0.3231,0.1009,0.9188,0.0376,0.37,0.0334,0.0456,0.0527,0.5087,0.1495,0.0218,0.0783,0.0456,0.0249,0.0582,0.0233,0.028,0.0863,0.0461,0.0338,0.0764,0.0773,0.3316,0.0368,0.0365,0.0501,0.027,0.0468,0.0594,0.0314,0.5028,0.0497,0.0788,0.0178,0.0496,0.0681,0.0639,0.6978,0.2274,0.2422,0.0311,0.4542,0.0369,0.0139,0.1327,0.0554,0.0247,0.0559,0.0383,0.0133,0.0233,0.1441,0.5047,0.0245,0.2092,0.0137,0.4462,0.0489,0.0454,0.2496,0.031,0.0294,0.0275,0.0306,0.065,0.0882,0.4937,0.5297,0.4081,0.3967,0.0464,0.0885,0.4069,0.7702,0.1077,0.0322,0.0193,0.0507,0.0232,0.0324,0.0401,0.0191,0.0956,0.8382,0.0442,0.067,0.1953,0.0285,0.0174,0.1014,0.0677
