,ALK,ATRX,BRAF,CCND2,CDKN2B,EGFR,GLI1,IDH1,KMT2C,KMT2D,MYCN,NF1,PDGFRA,PIK3CA,PIK3R1,PTEN,RB1,SETD2,SMARCA4,STAG2,TERT,TP53
TCGA-06-1804,0,0,0,0,0,1,0,0,0,0,0,0,0,0,0,1,0,0,0,0,0,0
TCGA-06-5408,0,0,0,0,0,0,0,0,0,0,0,0,0,0,0,0,0,0,0,0,0,1
TCGA-06-5410,0,0,0,0,0,0,0,0,0,0,0,1,0,0,0,0,0,0,0,0,0,0
TCGA-06-5412,0,0,0,0,0,0,0,0,0,0,0,1,0,0,0,1,0,0,0,0,0,0
TCGA-06-5414,0,0,0,0,0,0,0,0,0,0,0,0,0,0,0,0,0,0,0,0,0,0
TCGA-06-5415,0,0,0,0,0,0,0,0,0,0,0,0,0,0,0,0,0,0,0,0,0,0
TCGA-06-5417,0,1,0,0,0,0,0,1,0,0,0,0,0,1,0,0,0,0,0,0,0,1
TCGA-06-5418,0,0,0,0,0,0,0,0,0,0,0,0,0,0,0,1,0,0,0,0,1,0
TCGA-06-5856,0,0,0,0,0,1,0,0,0,0,0,0,0,0,0,0,0,0,0,0,0,0
TCGA-06-5858,0,1,0,0,0,0,0,0,1,0,0,0,0,0,0,1,1,0,0,0,0,1
TCGA-12-5299,0,0,0,0,0,0,0,0,0,0,0,0,0,0,0,0,0,0,0,0,0,0
TCGA-14-0781,0,0,0,0,0,0,0,0,0,0,0,0,0,0,0,1,0,0,0,0,0,0
TCGA-15-1444,1,1,0,0,0,0,0,1,0,0,0,0,0,0,1,0,0,0,0,0,0,1
TCGA-19-5960,0,0,0,0,0,0,0,0,0,0,0,0,0,0,0,0,0,0,0,0,0,0
TCGA-26-1442,0,0,0,0,0,0,0,1,0,0,0,0,0,0,0,0,0,0,0,0,0,1
TCGA-26-5132,0,0,0,0,0,0,0,0,0,0,0,0,0,0,0,1,1,0,0,0,0,0
TCGA-26-5133,0,0,0,0,0,0,0,0,0,0,0,1,0,0,0,0,0,0,0,0,0,1
TCGA-26-5134,0,0,0,0,0,0,0,0,0,0,0,0,1,0,0,0,0,1,0,0,0,0
TCGA-26-5135,0,0,0,0,0,0,0,0,0,0,0,0,0,0,0,0,0,0,0,0,0,0
TCGA-26-5136,0,0,0,0,0,0,0,0,0,0,1,0,0,1,0,0,0,0,0,0,0,1
TCGA-26-5139,0,0,0,0,0,1,0,0,0,0,0,0,0,0,1,0,0,0,0,0,0,0
TCGA-28-5207,0,0,0,0,0,1,0,0,0,0,0,0,0,0,0,0,0,0,1,0,0,1
TCGA-28-5208,0,0,0,0,0,0,0,0,0,0,0,1,0,0,0,0,0,1,0,0,0,0
TCGA-28-5209,0,0,0,0,0,1,0,0,0,0,0,0,0,0,0,1,0,0,0,0,0,0
TCGA-28-5213,0,0,0,0,0,1,0,0,0,0,0,0,0,0,0,0,0,0,0,0,0,0
TCGA-28-5215,0,0,0,0,0,0,0,0,0,0,0,0,0,0,0,0,0,0,0,0,0,1
TCGA-28-5216,0,0,0,0,0,0,0,0,0,0,0,0,0,0,0,1,0,1,0,0,0,1
TCGA-28-5218,0,0,0,0,1,0,0,0,0,0,0,0,0,0,0,0,0,0,0,0,0,0
TCGA-28-5220,0,0,0,0,0,0,0,0,0,0,0,0,0,0,0,0,0,0,0,0,0,0
TCGA-32-5222,0,0,0,0,0,0,0,0,0,0,0,0,0,0,0,1,0,0,0,1,0,0
TCGA-41-5651,0,0,0,0,0,0,0,0,0,0,0,0,0,1,0,0,0,0,0,0,0,1
TCGA-76-4925,0,0,0,0,0,0,0,0,0,0,0,0,0,0,0,1,0,0,0,0,0,1
TCGA-76-4926,0,0,0,0,0,1,0,0,0,0,0,0,0,0,0,0,0,0,0,0,0,0
TCGA-76-4928,0,0,1,1,0,0,1,0,0,0,0,0,0,1,0,0,0,0,0,0,0,0
TCGA-76-4931,0,0,0,0,0,1,0,0,0,1,0,0,0,0,0,1,0,0,0,0,0,0
TCGA-76-4932,0,0,0,0,0,0,0,0,0,0,0,0,0,0,0,0,0,0,0,0,0,0
